Snack,10313
Van,5378
Waffle iron,23
Accordion,839
Gondola,569
Elephant,1732
Baked goods,10289
Axe,115
Porcupine,203
Plate,2023
Umbrella,3357
Ipod,414
Harmonica,20
Watch,1434
Polar bear,490
Rifle,1752
Goldfish,407
Organ,377
Antelope,848
Candy,648
Chopsticks,470
Wine glass,4894
Barrel,662
Picture frame,5536
Home appliance,1051
Hamburger,1068
Filing cabinet,275
Canoe,2076
Sports uniform,6531
Lifejacket,1222
Canary,231
Juice,1746
Motorcycle,6944
Can opener,6
Panda,574
Turkey,367
Willow,193
Camera,5037
Suit,43922
Orange,900
Jet ski,458
Computer keyboard,3331
Fork,1034
Briefcase,111
Ski,1361
Squash,122
Chainsaw,119
Wardrobe,208
Doughnut,400
Digital clock,169
Golf ball,321
Spice rack,66
Croissant,207
French fries,1121
Ostrich,364
Hair spray,6
Hamster,454
Mechanical fan,589
Snowman,538
Teddy bear,1020
Doll,3383
Traffic sign,2817
Waste container,1020
Pastry,1141
Airplane,12003
Kitchen appliance,1157
Marine invertebrates,1738
Toy,17481
Lipstick,1086
Washing machine,326
Bottle opener,17
Infant bed,426
Boot,1426
Book,7894
Fountain,3089
Animal,9396
Piano,1246
Tent,3508
Dragonfly,1360
Cupboard,872
Porch,2774
Pear,263
Bathroom cabinet,324
Tiger,1039
Harbor seal,875
Bookcase,3388
Armadillo,44
Refrigerator,549
Weapon,1646
Bed,2933
Bee,2856
Person,248384
Footwear,130723
Bottle,11456
Human foot,979
Cheese,503
Chest of drawers,1151
Muffin,1364
Crown,554
Snowmobile,197
Sun hat,4296
Penguin,894
Skirt,974
Pencil sharpener,13
Alpaca,452
Monkey,2143
Traffic light,1774
Swan,1365
Plastic bag,517
Cheetah,568
Banana,723
Pizza,1251
Wheel,76884
Eagle,1484
Snail,615
Cannon,779
Drink,16071
Fruit,5283
Brown bear,492
Coat,3516
Falcon,1489
Cabbage,276
Television,2789
Tank,1062
Seafood,1824
Fast food,7353
Chisel,25
Dog,20607
Crutch,80
Dinosaur,1101
Lizard,1838
Measuring cup,65
Cake,3720
Platter,1358
Fire hydrant,408
Reptile,481
Starfish,436
Deer,2093
Training bench,100
Carrot,594
Musical keyboard,1505
Cattle,2916
Chime,25
Hammer,119
Power plugs and sockets,147
Blender,149
Sheep,1188
Helmet,7608
Horse,7073
Mixing bowl,597
Rays and skates,324
Frying pan,301
Bird,18525
Cream,70
Food processor,130
Stationary bicycle,110
Ruler,235
Kangaroo,458
Screwdriver,46
Mule,584
Marine mammal,974
Sink,1442
Indoor rower,22
Broccoli,475
Oyster,495
Beaker,86
Bat,389
Towel,144
Car,89465
Skateboard,1103
Cat,12516
Pasta,734
Tap,1170
Tower,21806
Whale,713
Glasses,41945
Coconut,382
Dessert,8466
Submarine,75
Laptop,5528
Squid,97
Telephone,221
Goose,2746
Isopod,87
Sewing machine,362
Mobile phone,4312
Mouse,698
Milk,156
Cosmetics,848
Grinder,11
Clock,916
Rose,5407
Balloon,3262
Frog,1370
Mug,1598
Auto part,6516
Wok,470
Treadmill,106
Knife,610
Honeycomb,350
Human arm,41380
Door,13382
Oboe,93
Leopard,694
Vase,1561
Flag,8402
Remote control,192
Watermelon,409
Diaper,115
Rabbit,1179
Burrito,167
Human beard,2771
Band-aid,20
Worm,201
Mixer,181
Egg,934
Scarf,2003
Bell pepper,380
Guacamole,181
Calculator,172
Horn,336
Nail,124
Tree house,107
Mirror,1146
Chair,25504
Microphone,20393
Pitcher,288
Pineapple,310
Computer mouse,622
Swimwear,3365
Popcorn,194
Lamp,1565
Earrings,669
Zucchini,287
Ladybug,565
Light bulb,427
Bicycle helmet,5006
Cocktail,2589
Facial tissue holder,19
Snowplow,224
Human hand,22093
Aircraft,1143
Giraffe,920
Otter,487
Dishwasher,88
Skull,1501
Fox,484
Whiteboard,899
Pretzel,168
Punching bag,121
Shrimp,617
Jacket,12911
Winter melon,37
Ratchet,43
Necklace,2200
Human ear,8336
Apple,1078
Taxi,1434
Heater,32
Dagger,264
Microwave oven,432
Radish,264
Cooking spray,12
Zebra,621
Duck,4669
Dumbbell,111
Cake stand,248
Peach,220
Jeans,31351
Backpack,715
Sock,682
Window,59833
Crab,740
Vegetable,5254
Wood-burning stove,287
Bow and arrow,295
Paper cutter,3
Adhesive tape,109
Mushroom,1782
Countertop,2212
Food,25712
Pomegranate,225
Tripod,1196
Asparagus,313
Tablet computer,784
Maracas,6
Bowling equipment,630
Teapot,496
Artichoke,164
Sea lion,936
Parrot,1414
Torch,18
Beehive,430
Christmas tree,3074
Table,44845
Mammal,33162
Musical instrument,5253
Roller skates,739
Billiard table,666
Pencil case,95
Tennis racket,807
Racket,240
Hippopotamus,388
Serving tray,106
Fedora,2910
Sunflower,1570
Human head,49308
Luggage and bags,953
Sombrero,505
Balance beam,261
Vehicle,15736
Hat,8460
Goat,1112
Table tennis racket,589
Tart,412
Woman,265635
Ladle,20
Cutting board,196
Toothbrush,113
Caterpillar,696
Kitchen utensil,254
Hand dryer,56
Furniture,14702
Baseball bat,1098
Wheelchair,882
Saxophone,854
Pressure cooker,13
Lantern,808
Slow cooker,103
Football helmet,2087
Face powder,49
Sofa bed,1132
Spatula,38
Lobster,405
Oven,509
Tea,1068
Pillow,1249
Watercraft,2481
Shirt,5217
Tennis ball,385
Scorpion,157
Stool,576
Pen,1011
Human body,45398
Printer,210
Tiara,367
Tool,793
Raven,429
Jellyfish,729
Street light,11226
Salt and pepper shakers,96
Tree,289999
Fax,22
Baseball glove,1671
Suitcase,408
Bathroom accessory,763
Tin can,1307
Office building,4942
Fish,5434
Spider,1702
Tableware,6084
Bicycle wheel,15599
Boat,25478
Shelf,6011
Syringe,94
Candle,1220
Belt,348
Harp,201
Plumbing fixture,264
Closet,381
Kettle,464
Paddle,2244
Bench,3630
Rhinoceros,526
Submarine sandwich,233
Koala,368
Unicycle,127
Curtain,2616
Invertebrate,778
Lily,1198
Jug,395
Bus,7293
Ladder,754
Cart,1981
Guitar,17671
Spoon,1044
Train,10081
Cucumber,454
Barge,419
Cricket ball,95
Fireplace,685
Alarm clock,135
Office supplies,1280
Tomato,1283
Human hair,56391
Stapler,49
Glove,733
Human eye,23743
Drill,171
Sculpture,18107
Carnivore,2229
Rocket,638
Seat belt,318
Sushi,681
Ant,381
Trumpet,835
Flashlight,62
Lighthouse,1464
Dice,214
Tire,30815
Bust,898
Couch,3321
Light switch,80
Sword,391
Tie,7733
Plant,72363
Sunglasses,15125
Squirrel,1810
Poster,16152
Potato,304
Bear,353
Jacuzzi,102
Pancake,362
Handbag,1901
Picnic basket,284
Eraser,24
Hot dog,362
Shotgun,429
Convenience store,1809
Mango,126
Truck,8078
Ambulance,338
Cowboy hat,1977
Owl,1362
Ceiling fan,431
Camel,762
Stop sign,375
Drawer,1623
Snowboard,574
Moths and butterflies,1697
Personal care,128
Trombone,451
Violin,1307
Girl,93731
Woodpecker,425
Clothing,327818
Saucer,1582
Red panda,328
Flower,62716
Parking meter,177
Harpsichord,195
Limousine,334
Pumpkin,1705
Cantaloupe,101
Sandwich,795
Football,4339
Missile,432
Snake,1188
Taco,352
Coin,1224
Handgun,561
Building,104007
Drum,8104
Tortoise,1324
Salad,2654
Sea turtle,745
Headphones,1064
Perfume,208
Dog bed,237
Ring binder,48
Centipede,235
Wrench,62
Cello,1346
Bomb,6
Bathtub,533
Wine,4878
Shark,496
Loveseat,511
Swim cap,330
Kite,365
Bidet,376
Kitchen knife,274
Pig,811
Studio couch,1133
Human mouth,24454
Human face,331627
Human leg,17454
Computer monitor,3339
Scale,131
Lemon,679
Humidifier,9
Wine rack,140
Beer,4661
Grapefruit,432
Human nose,28791
Miniskirt,746
Helicopter,2398
Butterfly,4937
Parachute,1047
Coffee,1858
Cassette deck,53
Bronze sculpture,2236
Magpie,123
Bull,1074
Stairs,4533
Box,2212
Boy,45938
Surfboard,1691
Raccoon,310
Turtle,130
Toilet,862
Stretcher,122
Strawberry,1257
Dress,31527
Lavender,965
Cabinetry,3001
Crocodile,719
Lion,1190
Goggles,7128
Nightstand,773
Gas stove,473
Beetle,1878
Fashion accessory,23059
Coffeemaker,233
Grape,767
Shellfish,397
Brassiere,1200
Door handle,568
Lynx,223
Bowl,1464
Palm tree,10378
High heels,1532
Dairy,2909
Skyscraper,21029
Binoculars,109
Ball,3480
Cocktail shaker,25
Flying disc,207
Hiking equipment,2571
Blue jay,234
Insect,6080
Cookie,998
Toilet paper,226
Stethoscope,75
Medical equipment,645
Bread,1717
Golf cart,336
Whisk,157
Seahorse,230
Land vehicle,29521
Sports equipment,10056
Castle,3738
Window blind,397
Hedgehog,231
Bicycle,17631
House,58145
Dolphin,886
Scoreboard,466
Paper towel,146
Billboard,3399
Scissors,292
Ice cream,1454
Vehicle registration plate,5368
Sandal,1298
Houseplant,8932
Swimming pool,3618
Toaster,60
Bagel,262
Trousers,4858
Horizontal bar,54
Coffee cup,3793
Banjo,244
Corded phone,352
Kitchen & dining room table,1966
Shorts,6833
Soap dispenser,58
Flute,243
Envelope,120
Hair dryer,27
Coffee table,2840
Desk,9472
Tick,107
Segway,273
Man,378077
Jaguar,509
Drinking straw,183
Flowerpot,7352
Shower,206
Wall clock,854
Volleyball,579
Skunk,39
Sparrow,1157
Common fig,99
Rugby ball,270
Waffle,378
Pizza cutter,19
Chicken,1421
Maple,2285
Cat furniture,184
